<application>
  <component name="FeatureSuggesterSettings">
    <option name="workingDays">
      <list>
        <option value="1654172033378" />
        <option value="1654236279548" />
        <option value="1654324468346" />
        <option value="1654400019788" />
        <option value="1654588100918" />
        <option value="1654671965842" />
        <option value="1654754801156" />
        <option value="1654927698115" />
        <option value="1655011435724" />
        <option value="1655707694403" />
        <option value="1655779375859" />
      </list>
    </option>
  </component>
</application>