<keymap version="1" name="GNOME copy Proper Redo" parent="Default for GNOME">
  <action id="$Redo">
    <keyboard-shortcut first-keystroke="shift ctrl z" />
    <keyboard-shortcut first-keystroke="shift alt back_space" />
    <keyboard-shortcut first-keystroke="ctrl y" />
  </action>
  <action id="EditorDecreaseFontSize">
    <mouse-shortcut keystroke="control button142" />
  </action>
  <action id="EditorDeleteLine" />
  <action id="EditorIncreaseFontSize">
    <mouse-shortcut keystroke="control button143" />
  </action>
</keymap>